id;alarm_name;type;hours;minutes;seconds
1;Borders Keyboard invoice;Barbados;36550;40669;36947
2;architectures morph Computers;Towels e-commerce Fantastic;17842;23467;21730
3;Outdoors hacking;Lead Passage fuchsia;17223;7469;74988
4;Auto bi-directional open-source;Qatari info-mediaries Future;72676;97487;92256
5;synthesizing system generate;Towels Designer Chips;28732;11141;49724
6;synthesizing Comoros Incredible;Refined Research;55773;34337;77388
7;payment;Games;19421;88937;46755
8;Personal Realigned;grow web-readiness Re-contextualized;73526;76703;52407
9;deposit Fantastic;Customer 1080p Data;50681;1193;48730
10;Automotive Data Chicken;olive plum;98092;18074;50812
