id;subject;subject_score;subject_target;upcoming_test;upcoming_test_target
1;zero;84146;32332;bandwidth salmon;22634
2;Analyst Coordinator;18174;33359;Concrete Account solid;27686
3;Infrastructure Licensed Shirt;65897;30283;clear-thinking;5592
4;Fundamental maroon Chair;32068;68288;cross-platform utilisation;32362
5;Regional;86670;95934;program Facilitator SSL;6732
6;optical;91726;19692;Garden transitional Liaison;99529
7;Account;61720;74905;Arkansas;43438
8;metrics panel Hryvnia;40360;27577;Kuwaiti Liaison;46210
9;multi-byte Agent;19380;76;Card monitor Intelligent;15291
10;invoice deposit Pakistan;4425;3880;Ergonomic Soap front-end;95506
