id;start_time;end_time;heading;date;details
1;2023-03-21T18:05:36;2023-03-20T23:50:45;Texas Dale Plain;2023-03-21T14:20:32;Planner back port
2;2023-03-21T00:28:49;2023-03-21T17:43:41;deposit District African;2023-03-21T06:31:09;initiatives Savings
3;2023-03-20T18:24:17;2023-03-21T01:05:03;Kenyan;2023-03-21T01:10:13;black global Officer
4;2023-03-21T09:45:20;2023-03-21T12:22:59;Product Mouse;2023-03-21T09:56:26;Home
5;2023-03-20T22:19:09;2023-03-21T04:05:48;metrics Cheese;2023-03-21T17:38:07;Avon parsing
6;2023-03-20T20:48:29;2023-03-20T23:02:33;Maine world-class;2023-03-21T18:05:14;West
7;2023-03-21T11:55:29;2023-03-21T03:51:40;Franc copy Liaison;2023-03-21T09:23:56;Steel withdrawal
8;2023-03-21T10:57:11;2023-03-20T18:47:19;SMTP protocol Som;2023-03-21T12:38:51;auxiliary Plastic Lodge
9;2023-03-20T21:01:57;2023-03-20T21:57:45;Cotton;2023-03-21T07:16:54;Bahrain Forks Engineer
10;2023-03-21T12:19:33;2023-03-21T16:56:14;TCP salmon olive;2023-03-21T11:06:37;Fish
