id;to_do_item_heading;to_do_item_description;to_do_item_status
1;Automotive;Lempira Chief;2023-03-21T05:40:57
2;interface;Taiwan;2023-03-21T15:00:23
3;cross-media;Ameliorated;2023-03-21T08:38:04
4;Communications Grocery needs-based;Towels front-end Illinois;2023-03-21T17:36:35
5;Buckinghamshire Reduced demand-driven;Florida;2023-03-21T15:05:29
6;Director withdrawal;enhance Rubber;2023-03-20T22:21:07
7;copy Branding;Fresh silver Tasty;2023-03-21T02:45:57
8;Global invoice;plum invoice parsing;2023-03-21T11:55:24
9;solid Tasty;Rustic Towels;2023-03-21T16:47:46
10;Fantastic;Surinam virtual visionary;2023-03-21T10:27:26
